Lake.Code,SampleID,Station,Month,Day,Year,Time,Pool.Elevation,Surface.Temp,Secchi,Conductivity,Gear.Code,Gear.Length,Habitat,Effort,Species.Code,Number.of.individuals,TL_mm,Wt_g
GRAND,GRANDBL422201044,BL,4,22,2010,1149,742,16,35,300,44,15,27,1,101,1,230,180
GRAND,GRANDBL422201044,BL,4,22,2010,1149,742,16,35,300,44,15,27,1,101,1,405,1102
GRAND,GRANDBL422201044,BL,4,22,2010,1149,742,16,35,300,44,15,27,1,101,1,460,1566
GRAND,GRANDBL422201044,BL,4,22,2010,1149,742,16,35,300,44,15,27,1,101,1,377,858
GRAND,GRANDBL422201044,BL,4,22,2010,1149,742,16,35,300,44,15,27,1,101,1,387,890
GRAND,GRANDBL422201044,BL,4,22,2010,1149,742,16,35,300,44,15,27,1,104,1,348,668
GRAND,GRANDBL422201044,BL,4,22,2010,1149,742,16,35,300,44,15,27,1,101,1,339,614
GRAND,GRANDBL422201044,BL,4,22,2010,1149,742,16,35,300,44,15,27,1,101,1,208,126
GRAND,GRANDBL422201044,BL,4,22,2010,1149,742,16,35,300,44,15,27,1,101,1,170,76
GRAND,GRANDBL422201044,BL,4,22,2010,1149,742,16,35,300,44,15,27,1,101,1,310,434
GRAND,GRANDBM422201044,BM,4,22,2010,1330,742,16,35,300,44,15,18,1,101,1,394,850
GRAND,GRANDBM422201044,BM,4,22,2010,1330,742,16,35,300,44,15,18,1,101,1,427,1236
GRAND,GRANDBM422201044,BM,4,22,2010,1330,742,16,35,300,44,15,18,1,101,1,434,1348
GRAND,GRANDBM422201044,BM,4,22,2010,1330,742,16,35,300,44,15,18,1,101,1,295,390
GRAND,GRANDBM422201044,BM,4,22,2010,1330,742,16,35,300,44,15,18,1,101,1,350,592
GRAND,GRANDBM422201044,BM,4,22,2010,1330,742,16,35,300,44,15,18,1,101,1,483,1958
GRAND,GRANDBM422201044,BM,4,22,2010,1330,742,16,35,300,44,15,18,1,101,1,375,894
GRAND,GRANDBM422201044,BM,4,22,2010,1330,742,16,35,300,44,15,18,1,101,1,392,920
GRAND,GRANDBM422201044,BM,4,22,2010,1330,742,16,35,300,44,15,18,1,101,1,349,618
GRAND,GRANDBM422201044,BM,4,22,2010,1330,742,16,35,300,44,15,18,1,101,1,407,1178
GRAND,GRANDBM422201044,BM,4,22,2010,1330,742,16,35,300,44,15,18,1,101,1,373,838
GRAND,GRANDBM422201044,BM,4,22,2010,1330,742,16,35,300,44,15,18,1,101,1,425,1148
GRAND,GRANDBM422201044,BM,4,22,2010,1330,742,16,35,300,44,15,18,1,101,1,365,726
GRAND,GRANDBM422201044,BM,4,22,2010,1330,742,16,35,300,44,15,18,1,101,1,390,906
GRAND,GRANDBM422201044,BM,4,22,2010,1330,742,16,35,300,44,15,18,1,101,1,308,464
GRAND,GRANDBM422201044,BM,4,22,2010,1330,742,16,35,300,44,15,18,1,104,1,184,72
GRAND,GRANDBK422201044,BK,4,22,2010,1255,742,16,35,300,44,15,27,1,101,1,382,892
GRAND,GRANDBK422201044,BK,4,22,2010,1255,742,16,35,300,44,15,27,1,101,1,398,988
GRAND,GRANDBK422201044,BK,4,22,2010,1255,742,16,35,300,44,15,27,1,101,1,399,994
GRAND,GRANDBK422201044,BK,4,22,2010,1255,742,16,35,300,44,15,27,1,101,1,454,1494
GRAND,GRANDBK422201044,BK,4,22,2010,1255,742,16,35,300,44,15,27,1,101,1,445,1516
GRAND,GRANDBK422201044,BK,4,22,2010,1255,742,16,35,300,44,15,27,1,101,1,458,1484
GRAND,GRANDBK422201044,BK,4,22,2010,1255,742,16,35,300,44,15,27,1,101,1,391,1088
GRAND,GRANDBK422201044,BK,4,22,2010,1255,742,16,35,300,44,15,27,1,101,1,192,78
GRAND,GRANDBK422201044,BK,4,22,2010,1255,742,16,35,300,44,15,27,1,101,1,285,314
GRAND,GRANDBK422201044,BK,4,22,2010,1255,742,16,35,300,44,15,27,1,101,1,331,606
GRAND,GRANDBK422201044,BK,4,22,2010,1255,742,16,35,300,44,15,27,1,101,1,195,98
GRAND,GRANDBK422201044,BK,4,22,2010,1255,742,16,35,300,44,15,27,1,101,1,340,588
GRAND,GRANDBK422201044,BK,4,22,2010,1255,742,16,35,300,44,15,27,1,101,1,192,92
GRAND,GRANDBK422201044,BK,4,22,2010,1255,742,16,35,300,44,15,27,1,101,1,404,1108
GRAND,GRANDBK422201044,BK,4,22,2010,1255,742,16,35,300,44,15,27,1,101,1,409,1086
GRAND,GRANDBK422201044,BK,4,22,2010,1255,742,16,35,300,44,15,27,1,104,1,90,22
GRAND,GRANDBK422201044,BK,4,22,2010,1255,742,16,35,300,44,15,27,1,104,1,130,36
GRAND,GRANDBB421201044,BB,4,21,2010,1004,742,13,48,350,44,15,17,1,101,1,431,1200
GRAND,GRANDBB421201044,BB,4,21,2010,1004,742,13,48,350,44,15,17,1,101,1,430,1158
GRAND,GRANDBB421201044,BB,4,21,2010,1004,742,13,48,350,44,15,17,1,101,1,499,2032
GRAND,GRANDBB421201044,BB,4,21,2010,1004,742,13,48,350,44,15,17,1,101,1,440,1332
GRAND,GRANDBB421201044,BB,4,21,2010,1004,742,13,48,350,44,15,17,1,101,1,358,612
GRAND,GRANDBB421201044,BB,4,21,2010,1004,742,13,48,350,44,15,17,1,101,1,396,938
GRAND,GRANDBB421201044,BB,4,21,2010,1004,742,13,48,350,44,15,17,1,101,1,339,524
GRAND,GRANDBB421201044,BB,4,21,2010,1004,742,13,48,350,44,15,17,1,101,1,516,2058
GRAND,GRANDBB421201044,BB,4,21,2010,1004,742,13,48,350,44,15,17,1,101,1,463,1544
GRAND,GRANDBB421201044,BB,4,21,2010,1004,742,13,48,350,44,15,17,1,101,1,425,1188
GRAND,GRANDBB421201044,BB,4,21,2010,1004,742,13,48,350,44,15,17,1,101,1,374,818
GRAND,GRANDBB421201044,BB,4,21,2010,1004,742,13,48,350,44,15,17,1,101,1,367,790
GRAND,GRANDBB421201044,BB,4,21,2010,1004,742,13,48,350,44,15,17,1,101,1,289,314
GRAND,GRANDBB421201044,BB,4,21,2010,1004,742,13,48,350,44,15,17,1,101,1,324,464
GRAND,GRANDBB421201044,BB,4,21,2010,1004,742,13,48,350,44,15,17,1,101,1,331,478
GRAND,GRANDBB421201044,BB,4,21,2010,1004,742,13,48,350,44,15,17,1,101,1,135,52
GRAND,GRANDBB421201044,BB,4,21,2010,1004,742,13,48,350,44,15,17,1,104,1,107,38
GRAND,GRANDBB421201044,BB,4,21,2010,1004,742,13,48,350,44,15,17,1,104,1,393,852
GRAND,GRANDBB421201044,BB,4,21,2010,1004,742,13,48,350,44,15,17,1,101,1,161,70
GRAND,GRANDBA421201044,BA,4,21,2010,910,742,13,48,350,44,15,17,1,101,1,354,602
GRAND,GRANDBA421201044,BA,4,21,2010,910,742,13,48,350,44,15,17,1,101,1,415,1190
GRAND,GRANDBA421201044,BA,4,21,2010,910,742,13,48,350,44,15,17,1,101,1,418,1160
GRAND,GRANDBA421201044,BA,4,21,2010,910,742,13,48,350,44,15,17,1,101,1,410,1068
GRAND,GRANDBA421201044,BA,4,21,2010,910,742,13,48,350,44,15,17,1,101,1,464,1700
GRAND,GRANDBA421201044,BA,4,21,2010,910,742,13,48,350,44,15,17,1,101,1,419,1106
GRAND,GRANDBA421201044,BA,4,21,2010,910,742,13,48,350,44,15,17,1,101,1,476,1706
GRAND,GRANDBA421201044,BA,4,21,2010,910,742,13,48,350,44,15,17,1,101,1,375,716
GRAND,GRANDBA421201044,BA,4,21,2010,910,742,13,48,350,44,15,17,1,101,1,370,638
GRAND,GRANDBA421201044,BA,4,21,2010,910,742,13,48,350,44,15,17,1,101,1,478,1570
GRAND,GRANDBA421201044,BA,4,21,2010,910,742,13,48,350,44,15,17,1,101,1,283,316
GRAND,GRANDBA421201044,BA,4,21,2010,910,742,13,48,350,44,15,17,1,101,1,405,960
GRAND,GRANDBA421201044,BA,4,21,2010,910,742,13,48,350,44,15,17,1,101,1,417,1082
GRAND,GRANDBA421201044,BA,4,21,2010,910,742,13,48,350,44,15,17,1,101,1,373,786
GRAND,GRANDBA421201044,BA,4,21,2010,910,742,13,48,350,44,15,17,1,104,1,411,964
GRAND,GRANDBA421201044,BA,4,21,2010,910,742,13,48,350,44,15,17,1,101,1,232,196
GRAND,GRANDBA421201044,BA,4,21,2010,910,742,13,48,350,44,15,17,1,101,1,475,1760
GRAND,GRANDBA421201044,BA,4,21,2010,910,742,13,48,350,44,15,17,1,101,1,349,494
GRAND,GRANDBA421201044,BA,4,21,2010,910,742,13,48,350,44,15,17,1,101,1,397,942
GRAND,GRANDBA421201044,BA,4,21,2010,910,742,13,48,350,44,15,17,1,101,1,447,1230
GRAND,GRANDBA421201044,BA,4,21,2010,910,742,13,48,350,44,15,17,1,101,1,273,248
GRAND,GRANDBA421201044,BA,4,21,2010,910,742,13,48,350,44,15,17,1,101,1,367,676
GRAND,GRANDBA421201044,BA,4,21,2010,910,742,13,48,350,44,15,17,1,101,1,415,1088
GRAND,GRANDBA421201044,BA,4,21,2010,910,742,13,48,350,44,15,17,1,101,1,266,242
GRAND,GRANDBA421201044,BA,4,21,2010,910,742,13,48,350,44,15,17,1,101,1,283,290
GRAND,GRANDBC421201044,BC,4,21,2010,1400,742,14,42,340,44,15,18,1,101,1,385,940
GRAND,GRANDBC421201044,BC,4,21,2010,1400,742,14,42,340,44,15,18,1,104,1,465,1454
GRAND,GRANDBC421201044,BC,4,21,2010,1400,742,14,42,340,44,15,18,1,104,1,340,542
GRAND,GRANDBC421201044,BC,4,21,2010,1400,742,14,42,340,44,15,18,1,104,1,354,666
GRAND,GRANDBC421201044,BC,4,21,2010,1400,742,14,42,340,44,15,18,1,101,1,381,906
GRAND,GRANDBC421201044,BC,4,21,2010,1400,742,14,42,340,44,15,18,1,104,1,362,774
GRAND,GRANDBC421201044,BC,4,21,2010,1400,742,14,42,340,44,15,18,1,104,1,322,460
GRAND,GRANDBC421201044,BC,4,21,2010,1400,742,14,42,340,44,15,18,1,104,1,310,416
GRAND,GRANDBC421201044,BC,4,21,2010,1400,742,14,42,340,44,15,18,1,101,1,479,1548
GRAND,GRANDBC421201044,BC,4,21,2010,1400,742,14,42,340,44,15,18,1,101,1,191,82
GRAND,GRANDBC421201044,BC,4,21,2010,1400,742,14,42,340,44,15,18,1,101,1,181,76
GRAND,GRANDBC421201044,BC,4,21,2010,1400,742,14,42,340,44,15,18,1,101,1,179,72
GRAND,GRANDBD421201044,BD,4,21,2010,1313,742,14,42,340,44,15,18,1,101,1,459,1548
GRAND,GRANDBN427201044,BN,4,27,2010,1358,742,13,26,390,44,15,17,1,101,1,213,124
GRAND,GRANDBN427201044,BN,4,27,2010,1358,742,13,26,390,44,15,17,1,101,1,175,74
GRAND,GRANDBN427201044,BN,4,27,2010,1358,742,13,26,390,44,15,17,1,101,1,270,260
GRAND,GRANDBN427201044,BN,4,27,2010,1358,742,13,26,390,44,15,17,1,101,1,89,22
GRAND,GRANDBL422201044,BL,4,22,2010,1149,742,16,35,300,44,15,27,1,101,1,383,872
GRAND,GRANDBL422201044,BL,4,22,2010,1149,742,16,35,300,44,15,27,1,101,1,448,1208
GRAND,GRANDBL422201044,BL,4,22,2010,1149,742,16,35,300,44,15,27,1,101,1,372,864
GRAND,GRANDBL422201044,BL,4,22,2010,1149,742,16,35,300,44,15,27,1,101,1,387,894
GRAND,GRANDBL422201044,BL,4,22,2010,1149,742,16,35,300,44,15,27,1,101,1,193,102
GRAND,GRANDBL422201044,BL,4,22,2010,1149,742,16,35,300,44,15,27,1,104,1,385,998
GRAND,GRANDBL422201044,BL,4,22,2010,1149,742,16,35,300,44,15,27,1,101,1,394,976
GRAND,GRANDBL422201044,BL,4,22,2010,1149,742,16,35,300,44,15,27,1,101,1,305,438
GRAND,GRANDBL422201044,BL,4,22,2010,1149,742,16,35,300,44,15,27,1,101,1,224,138
GRAND,GRANDBL422201044,BL,4,22,2010,1149,742,16,35,300,44,15,27,1,101,1,213,112
GRAND,GRANDBL422201044,BL,4,22,2010,1149,742,16,35,300,44,15,27,1,101,1,282,318
GRAND,GRANDBL422201044,BL,4,22,2010,1149,742,16,35,300,44,15,27,1,104,1,318,466
GRAND,GRANDBL422201044,BL,4,22,2010,1149,742,16,35,300,44,15,27,1,101,1,520,2196
GRAND,GRANDBL422201044,BL,4,22,2010,1149,742,16,35,300,44,15,27,1,101,1,473,1608
GRAND,GRANDBL422201044,BL,4,22,2010,1149,742,16,35,300,44,15,27,1,101,1,415,1064
GRAND,GRANDBL422201044,BL,4,22,2010,1149,742,16,35,300,44,15,27,1,104,1,418,1194
GRAND,GRANDBL422201044,BL,4,22,2010,1149,742,16,35,300,44,15,27,1,101,1,287,328
GRAND,GRANDBL422201044,BL,4,22,2010,1149,742,16,35,300,44,15,27,1,101,1,508,2062
GRAND,GRANDBL422201044,BL,4,22,2010,1149,742,16,35,300,44,15,27,1,101,1,471,1666
GRAND,GRANDBL422201044,BL,4,22,2010,1149,742,16,35,300,44,15,27,1,101,1,360,720
GRAND,GRANDBI427201044,BI,4,27,2010,1147,742,12,62,340,44,15,28,1,104,1,345,510
GRAND,GRANDBI427201044,BI,4,27,2010,1147,742,12,62,340,44,15,28,1,101,1,396,852
GRAND,GRANDBI427201044,BI,4,27,2010,1147,742,12,62,340,44,15,28,1,104,1,204,112
GRAND,GRANDBI427201044,BI,4,27,2010,1147,742,12,62,340,44,15,28,1,101,1,462,1520
GRAND,GRANDBI427201044,BI,4,27,2010,1147,742,12,62,340,44,15,28,1,101,1,293,312
GRAND,GRANDBI427201044,BI,4,27,2010,1147,742,12,62,340,44,15,28,1,101,1,266,218
GRAND,GRANDBI427201044,BI,4,27,2010,1147,742,12,62,340,44,15,28,1,104,1,380,782
GRAND,GRANDBI427201044,BI,4,27,2010,1147,742,12,62,340,44,15,28,1,104,1,383,806
GRAND,GRANDBI427201044,BI,4,27,2010,1147,742,12,62,340,44,15,28,1,101,1,354,586
GRAND,GRANDBI427201044,BI,4,27,2010,1147,742,12,62,340,44,15,28,1,101,1,392,808
GRAND,GRANDBI427201044,BI,4,27,2010,1147,742,12,62,340,44,15,28,1,104,1,133,32
GRAND,GRANDBI427201044,BI,4,27,2010,1147,742,12,62,340,44,15,28,1,101,1,466,1878
GRAND,GRANDBI427201044,BI,4,27,2010,1147,742,12,62,340,44,15,28,1,101,1,401,964
GRAND,GRANDBI427201044,BI,4,27,2010,1147,742,12,62,340,44,15,28,1,104,1,362,688
GRAND,GRANDBI427201044,BI,4,27,2010,1147,742,12,62,340,44,15,28,1,101,1,426,1038
GRAND,GRANDBI427201044,BI,4,27,2010,1147,742,12,62,340,44,15,28,1,104,1,331,530
GRAND,GRANDBI427201044,BI,4,27,2010,1147,742,12,62,340,44,15,28,1,101,1,399,874
GRAND,GRANDBI427201044,BI,4,27,2010,1147,742,12,62,340,44,15,28,1,101,1,360,634
GRAND,GRANDBI427201044,BI,4,27,2010,1147,742,12,62,340,44,15,28,1,101,1,426,1158
GRAND,GRANDBI427201044,BI,4,27,2010,1147,742,12,62,340,44,15,28,1,101,1,414,926
GRAND,GRANDBI427201044,BI,4,27,2010,1147,742,12,62,340,44,15,28,1,101,1,382,900
GRAND,GRANDBI427201044,BI,4,27,2010,1147,742,12,62,340,44,15,28,1,101,1,226,1154
GRAND,GRANDBI427201044,BI,4,27,2010,1147,742,12,62,340,44,15,28,1,101,1,166,62
GRAND,GRANDBI427201044,BI,4,27,2010,1147,742,12,62,340,44,15,28,1,101,1,386,746
GRAND,GRANDBI427201044,BI,4,27,2010,1147,742,12,62,340,44,15,28,1,101,1,365,684
GRAND,GRANDBI427201044,BI,4,27,2010,1147,742,12,62,340,44,15,28,1,101,1,146,50
GRAND,GRANDBJ427201044,BJ,4,27,2010,1103,742,12,62,340,44,15,17,1,101,1,439,1262
GRAND,GRANDBJ427201044,BJ,4,27,2010,1103,742,12,62,340,44,15,17,1,101,1,435,1232
GRAND,GRANDBJ427201044,BJ,4,27,2010,1103,742,12,62,340,44,15,17,1,101,1,414,1074
GRAND,GRANDBJ427201044,BJ,4,27,2010,1103,742,12,62,340,44,15,17,1,101,1,148,44
GRAND,GRANDBJ427201044,BJ,4,27,2010,1103,742,12,62,340,44,15,17,1,101,1,300,322
GRAND,GRANDBJ427201044,BJ,4,27,2010,1103,742,12,62,340,44,15,17,1,101,1,412,1008
GRAND,GRANDBJ427201044,BJ,4,27,2010,1103,742,12,62,340,44,15,17,1,101,1,365,752
GRAND,GRANDBJ427201044,BJ,4,27,2010,1103,742,12,62,340,44,15,17,1,101,1,413,1232
GRAND,GRANDBJ427201044,BJ,4,27,2010,1103,742,12,62,340,44,15,17,1,101,1,432,1278
GRAND,GRANDBJ427201044,BJ,4,27,2010,1103,742,12,62,340,44,15,17,1,101,1,298,406
GRAND,GRANDBJ427201044,BJ,4,27,2010,1103,742,12,62,340,44,15,17,1,101,1,418,1098
GRAND,GRANDBJ427201044,BJ,4,27,2010,1103,742,12,62,340,44,15,17,1,104,1,300,358
GRAND,GRANDBJ427201044,BJ,4,27,2010,1103,742,12,62,340,44,15,17,1,101,1,276,266
GRAND,GRANDBJ427201044,BJ,4,27,2010,1103,742,12,62,340,44,15,17,1,101,1,156,52
GRAND,GRANDBJ427201044,BJ,4,27,2010,1103,742,12,62,340,44,15,17,1,101,1,400,994
GRAND,GRANDBJ427201044,BJ,4,27,2010,1103,742,12,62,340,44,15,17,1,101,1,329,450
GRAND,GRANDBJ427201044,BJ,4,27,2010,1103,742,12,62,340,44,15,17,1,101,1,257,206
GRAND,GRANDBJ427201044,BJ,4,27,2010,1103,742,12,62,340,44,15,17,1,101,1,172,64
GRAND,GRANDBJ427201044,BJ,4,27,2010,1103,742,12,62,340,44,15,17,1,101,1,156,52
GRAND,GRANDBN427201044,BN,4,27,2010,1358,742,13,26,390,44,15,17,1,101,1,483,1774
GRAND,GRANDBN427201044,BN,4,27,2010,1358,742,13,26,390,44,15,17,1,101,1,339,488
GRAND,GRANDBN427201044,BN,4,27,2010,1358,742,13,26,390,44,15,17,1,101,1,348,578
GRAND,GRANDBN427201044,BN,4,27,2010,1358,742,13,26,390,44,15,17,1,101,1,355,722
GRAND,GRANDBN427201044,BN,4,27,2010,1358,742,13,26,390,44,15,17,1,101,1,187,80
GRAND,GRANDBN427201044,BN,4,27,2010,1358,742,13,26,390,44,15,17,1,104,1,386,782
GRAND,GRANDBN427201044,BN,4,27,2010,1358,742,13,26,390,44,15,17,1,101,1,412,1160
GRAND,GRANDBN427201044,BN,4,27,2010,1358,742,13,26,390,44,15,17,1,101,1,275,274
GRAND,GRANDBN427201044,BN,4,27,2010,1358,742,13,26,390,44,15,17,1,101,1,423,1008
GRAND,GRANDBN427201044,BN,4,27,2010,1358,742,13,26,390,44,15,17,1,104,1,419,1000
GRAND,GRANDBN427201044,BN,4,27,2010,1358,742,13,26,390,44,15,17,1,101,1,356,646
GRAND,GRANDBN427201044,BN,4,27,2010,1358,742,13,26,390,44,15,17,1,101,1,232,148
GRAND,GRANDBN427201044,BN,4,27,2010,1358,742,13,26,390,44,15,17,1,104,1,224,134
GRAND,GRANDBN427201044,BN,4,27,2010,1358,742,13,26,390,44,15,17,1,104,1,205,92
GRAND,GRANDBN427201044,BN,4,27,2010,1358,742,13,26,390,44,15,17,1,101,1,369,778
GRAND,GRANDBN427201044,BN,4,27,2010,1358,742,13,26,390,44,15,17,1,101,1,390,908
GRAND,GRANDBN427201044,BN,4,27,2010,1358,742,13,26,390,44,15,17,1,101,1,476,1756
GRAND,GRANDBN427201044,BN,4,27,2010,1358,742,13,26,390,44,15,17,1,101,1,416,1230
GRAND,GRANDBN427201044,BN,4,27,2010,1358,742,13,26,390,44,15,17,1,101,1,298,364
GRAND,GRANDBN427201044,BN,4,27,2010,1358,742,13,26,390,44,15,17,1,104,1,245,192
GRAND,GRANDBN427201044,BN,4,27,2010,1358,742,13,26,390,44,15,17,1,101,1,278,264
GRAND,GRANDBL422201044,BL,4,22,2010,1149,742,16,35,300,44,15,27,1,101,1,439,1308
GRAND,GRANDBL422201044,BL,4,22,2010,1149,742,16,35,300,44,15,27,1,101,1,448,1510
GRAND,GRANDBL422201044,BL,4,22,2010,1149,742,16,35,300,44,15,27,1,101,1,398,924
GRAND,GRANDBL422201044,BL,4,22,2010,1149,742,16,35,300,44,15,27,1,101,1,410,1190
GRAND,GRANDBL422201044,BL,4,22,2010,1149,742,16,35,300,44,15,27,1,101,1,368,816
GRAND,GRANDBL422201044,BL,4,22,2010,1149,742,16,35,300,44,15,27,1,104,1,294,340
GRAND,GRANDBB421201044,BB,4,21,2010,1004,742,13,48,350,44,15,17,1,101,1,378,802
GRAND,GRANDBB421201044,BB,4,21,2010,1004,742,13,48,350,44,15,17,1,101,1,419,1128
GRAND,GRANDBD421201044,BD,4,21,2010,1313,742,14,42,340,44,15,18,1,101,1,319,410
GRAND,GRANDBD421201044,BD,4,21,2010,1313,742,14,42,340,44,15,18,1,104,1,301,388
GRAND,GRANDBD421201044,BD,4,21,2010,1313,742,14,42,340,44,15,18,1,101,1,376,744
GRAND,GRANDBD421201044,BD,4,21,2010,1313,742,14,42,340,44,15,18,1,101,1,402,1004
GRAND,GRANDBD421201044,BD,4,21,2010,1313,742,14,42,340,44,15,18,1,101,1,337,642
GRAND,GRANDBD421201044,BD,4,21,2010,1313,742,14,42,340,44,15,18,1,101,1,372,768
GRAND,GRANDBD421201044,BD,4,21,2010,1313,742,14,42,340,44,15,18,1,104,1,318,480
GRAND,GRANDBD421201044,BD,4,21,2010,1313,742,14,42,340,44,15,18,1,101,1,494,2118
GRAND,GRANDBD421201044,BD,4,21,2010,1313,742,14,42,340,44,15,18,1,101,1,430,1260
GRAND,GRANDBD421201044,BD,4,21,2010,1313,742,14,42,340,44,15,18,1,101,1,273,288
GRAND,GRANDBD421201044,BD,4,21,2010,1313,742,14,42,340,44,15,18,1,101,1,172,62
GRAND,GRANDBD421201044,BD,4,21,2010,1313,742,14,42,340,44,15,18,1,104,1,215,132
GRAND,GRANDBD421201044,BD,4,21,2010,1313,742,14,42,340,44,15,18,1,101,1,453,1298
GRAND,GRANDBD421201044,BD,4,21,2010,1313,742,14,42,340,44,15,18,1,101,1,442,1294
GRAND,GRANDBE421201044,BE,4,21,2010,1222,742,14,42,340,44,15,17,1,104,1,365,660
GRAND,GRANDBE421201044,BE,4,21,2010,1222,742,14,42,340,44,15,17,1,104,1,180,60
GRAND,GRANDBE421201044,BE,4,21,2010,1222,742,14,42,340,44,15,17,1,101,1,217,128
GRAND,GRANDBE421201044,BE,4,21,2010,1222,742,14,42,340,44,15,17,1,104,1,230,136
GRAND,GRANDBE421201044,BE,4,21,2010,1222,742,14,42,340,44,15,17,1,101,1,250,200
GRAND,GRANDBE421201044,BE,4,21,2010,1222,742,14,42,340,44,15,17,1,101,1,393,938
GRAND,GRANDBE421201044,BE,4,21,2010,1222,742,14,42,340,44,15,17,1,104,1,249,208
GRAND,GRANDBE421201044,BE,4,21,2010,1222,742,14,42,340,44,15,17,1,101,1,300,346
GRAND,GRANDBE421201044,BE,4,21,2010,1222,742,14,42,340,44,15,17,1,101,1,422,1256
GRAND,GRANDBE421201044,BE,4,21,2010,1222,742,14,42,340,44,15,17,1,104,1,365,770
GRAND,GRANDBE421201044,BE,4,21,2010,1222,742,14,42,340,44,15,17,1,104,1,373,686
GRAND,GRANDBE421201044,BE,4,21,2010,1222,742,14,42,340,44,15,17,1,101,1,265,246
GRAND,GRANDBE421201044,BE,4,21,2010,1222,742,14,42,340,44,15,17,1,101,1,468,1424
GRAND,GRANDBE421201044,BE,4,21,2010,1222,742,14,42,340,44,15,17,1,101,1,343,578
GRAND,GRANDBE421201044,BE,4,21,2010,1222,742,14,42,340,44,15,17,1,101,1,265,246
GRAND,GRANDBE421201044,BE,4,21,2010,1222,742,14,42,340,44,15,17,1,101,1,364,800
GRAND,GRANDBE421201044,BE,4,21,2010,1222,742,14,42,340,44,15,17,1,101,1,390,890
GRAND,GRANDBE421201044,BE,4,21,2010,1222,742,14,42,340,44,15,17,1,101,1,416,1044
GRAND,GRANDBE421201044,BE,4,21,2010,1222,742,14,42,340,44,15,17,1,101,1,410,1156
GRAND,GRANDBE421201044,BE,4,21,2010,1222,742,14,42,340,44,15,17,1,101,1,263,236
GRAND,GRANDBE421201044,BE,4,21,2010,1222,742,14,42,340,44,15,17,1,101,1,155,40
GRAND,GRANDBE421201044,BE,4,21,2010,1222,742,14,42,340,44,15,17,1,104,1,194,82
GRAND,GRANDBE421201044,BE,4,21,2010,1222,742,14,42,340,44,15,17,1,101,1,312,376
GRAND,GRANDBE421201044,BE,4,21,2010,1222,742,14,42,340,44,15,17,1,104,1,291,342
GRAND,GRANDBE421201044,BE,4,21,2010,1222,742,14,42,340,44,15,17,1,101,1,255,208
GRAND,GRANDBE421201044,BE,4,21,2010,1222,742,14,42,340,44,15,17,1,101,1,237,156
GRAND,GRANDBH421201044,BH,4,21,2010,1634,742,14,42,310,44,15,58,1,101,1,478,1738
GRAND,GRANDBH421201044,BH,4,21,2010,1634,742,14,42,310,44,15,58,1,101,1,393,802
GRAND,GRANDBH421201044,BH,4,21,2010,1634,742,14,42,310,44,15,58,1,101,1,393,1028
GRAND,GRANDBH421201044,BH,4,21,2010,1634,742,14,42,310,44,15,58,1,101,1,416,1050
GRAND,GRANDBH421201044,BH,4,21,2010,1634,742,14,42,310,44,15,58,1,101,1,363,892
GRAND,GRANDBH421201044,BH,4,21,2010,1634,742,14,42,310,44,15,58,1,101,1,409,1082
GRAND,GRANDBH421201044,BH,4,21,2010,1634,742,14,42,310,44,15,58,1,101,1,206,108
GRAND,GRANDBH421201044,BH,4,21,2010,1634,742,14,42,310,44,15,58,1,101,1,387,806
GRAND,GRANDBH421201044,BH,4,21,2010,1634,742,14,42,310,44,15,58,1,101,1,374,696
GRAND,GRANDBH421201044,BH,4,21,2010,1634,742,14,42,310,44,15,58,1,101,1,337,518
GRAND,GRANDBH421201044,BH,4,21,2010,1634,742,14,42,310,44,15,58,1,101,1,473,1688
GRAND,GRANDBH421201044,BH,4,21,2010,1634,742,14,42,310,44,15,58,1,101,1,404,1008
GRAND,GRANDBH421201044,BH,4,21,2010,1634,742,14,42,310,44,15,58,1,104,1,250,208
GRAND,GRANDBH421201044,BH,4,21,2010,1634,742,14,42,310,44,15,58,1,101,1,284,294
GRAND,GRANDBH421201044,BH,4,21,2010,1634,742,14,42,310,44,15,58,1,101,1,321,560
GRAND,GRANDBH421201044,BH,4,21,2010,1634,742,14,42,310,44,15,58,1,101,1,271,268
GRAND,GRANDBH421201044,BH,4,21,2010,1634,742,14,42,310,44,15,58,1,101,1,402,988
GRAND,GRANDBH421201044,BH,4,21,2010,1634,742,14,42,310,44,15,58,1,101,1,444,1304
GRAND,GRANDBH421201044,BH,4,21,2010,1634,742,14,42,310,44,15,58,1,101,1,277,274
GRAND,GRANDBH421201044,BH,4,21,2010,1634,742,14,42,310,44,15,58,1,101,1,406,1118
GRAND,GRANDBH421201044,BH,4,21,2010,1634,742,14,42,310,44,15,58,1,104,1,212,138
GRAND,GRANDBH421201044,BH,4,21,2010,1634,742,14,42,310,44,15,58,1,101,1,400,986
GRAND,GRANDBH421201044,BH,4,21,2010,1634,742,14,42,310,44,15,58,1,101,1,514,1940
GRAND,GRANDBH421201044,BH,4,21,2010,1634,742,14,42,310,44,15,58,1,101,1,246,206
GRAND,GRANDBH421201044,BH,4,21,2010,1634,742,14,42,310,44,15,58,1,104,1,371,708
GRAND,GRANDBH421201044,BH,4,21,2010,1634,742,14,42,310,44,15,58,1,101,1,266,254
GRAND,GRANDBH421201044,BH,4,21,2010,1634,742,14,42,310,44,15,58,1,101,1,311,398
GRAND,GRANDBH421201044,BH,4,21,2010,1634,742,14,42,310,44,15,58,1,104,1,361,722
GRAND,GRANDBH421201044,BH,4,21,2010,1634,742,14,42,310,44,15,58,1,101,1,298,372
GRAND,GRANDBG421201044,BG,4,21,2010,1542,742,14,42,310,44,15,17,1,101,1,500,2208
GRAND,GRANDBG421201044,BG,4,21,2010,1542,742,14,42,310,44,15,17,1,104,1,349,598
GRAND,GRANDBG421201044,BG,4,21,2010,1542,742,14,42,310,44,15,17,1,101,1,406,948
GRAND,GRANDBG421201044,BG,4,21,2010,1542,742,14,42,310,44,15,17,1,101,1,453,1530
GRAND,GRANDBG421201044,BG,4,21,2010,1542,742,14,42,310,44,15,17,1,101,1,325,518
GRAND,GRANDBG421201044,BG,4,21,2010,1542,742,14,42,310,44,15,17,1,101,1,358,600
GRAND,GRANDBG421201044,BG,4,21,2010,1542,742,14,42,310,44,15,17,1,101,1,362,744
GRAND,GRANDBG421201044,BG,4,21,2010,1542,742,14,42,310,44,15,17,1,101,1,275,276
GRAND,GRANDBG421201044,BG,4,21,2010,1542,742,14,42,310,44,15,17,1,101,1,448,1430
GRAND,GRANDBG421201044,BG,4,21,2010,1542,742,14,42,310,44,15,17,1,101,1,311,364
GRAND,GRANDBG421201044,BG,4,21,2010,1542,742,14,42,310,44,15,17,1,101,1,372,734
GRAND,GRANDBG421201044,BG,4,21,2010,1542,742,14,42,310,44,15,17,1,101,1,383,860
GRAND,GRANDBG421201044,BG,4,21,2010,1542,742,14,42,310,44,15,17,1,101,1,476,1586
GRAND,GRANDBG421201044,BG,4,21,2010,1542,742,14,42,310,44,15,17,1,101,1,374,760
GRAND,GRANDBG421201044,BG,4,21,2010,1542,742,14,42,310,44,15,17,1,104,1,338,612
GRAND,GRANDBG421201044,BG,4,21,2010,1542,742,14,42,310,44,15,17,1,104,1,274,316
GRAND,GRANDBG421201044,BG,4,21,2010,1542,742,14,42,310,44,15,17,1,101,1,381,954
GRAND,GRANDBG421201044,BG,4,21,2010,1542,742,14,42,310,44,15,17,1,101,1,347,556
GRAND,GRANDBG421201044,BG,4,21,2010,1542,742,14,42,310,44,15,17,1,101,1,440,1460
GRAND,GRANDBG421201044,BG,4,21,2010,1542,742,14,42,310,44,15,17,1,101,1,423,1160
GRAND,GRANDBG421201044,BG,4,21,2010,1542,742,14,42,310,44,15,17,1,101,1,419,1072
GRAND,GRANDBG421201044,BG,4,21,2010,1542,742,14,42,310,44,15,17,1,104,1,334,472
GRAND,GRANDBG421201044,BG,4,21,2010,1542,742,14,42,310,44,15,17,1,101,1,248,188
GRAND,GRANDBG421201044,BG,4,21,2010,1542,742,14,42,310,44,15,17,1,101,1,298,352
GRAND,GRANDBF421201044,BF,4,21,2010,1449,742,14,42,310,44,15,17,1,101,1,265,200
GRAND,GRANDBF421201044,BF,4,21,2010,1449,742,14,42,310,44,15,17,1,101,1,385,858
GRAND,GRANDBF421201044,BF,4,21,2010,1449,742,14,42,310,44,15,17,1,104,1,376,798
GRAND,GRANDBF421201044,BF,4,21,2010,1449,742,14,42,310,44,15,17,1,101,1,447,1344
GRAND,GRANDBF421201044,BF,4,21,2010,1449,742,14,42,310,44,15,17,1,101,1,392,988
GRAND,GRANDBF421201044,BF,4,21,2010,1449,742,14,42,310,44,15,17,1,104,1,368,748
GRAND,GRANDBF421201044,BF,4,21,2010,1449,742,14,42,310,44,15,17,1,101,1,239,168
GRAND,GRANDBF421201044,BF,4,21,2010,1449,742,14,42,310,44,15,17,1,101,1,471,1860
GRAND,GRANDBF421201044,BF,4,21,2010,1449,742,14,42,310,44,15,17,1,101,1,404,1016
GRAND,GRANDBF421201044,BF,4,21,2010,1449,742,14,42,310,44,15,17,1,101,1,259,208
GRAND,GRANDBF421201044,BF,4,21,2010,1449,742,14,42,310,44,15,17,1,101,1,404,1088
GRAND,GRANDBF421201044,BF,4,21,2010,1449,742,14,42,310,44,15,17,1,101,1,397,836
GRAND,GRANDBF421201044,BF,4,21,2010,1449,742,14,42,310,44,15,17,1,101,1,388,964
GRAND,GRANDBF421201044,BF,4,21,2010,1449,742,14,42,310,44,15,17,1,101,1,269,238
GRAND,GRANDBF421201044,BF,4,21,2010,1449,742,14,42,310,44,15,17,1,101,1,456,1330
GRAND,GRANDBF421201044,BF,4,21,2010,1449,742,14,42,310,44,15,17,1,104,1,255,192
GRAND,GRANDBF421201044,BF,4,21,2010,1449,742,14,42,310,44,15,17,1,101,1,285,324
GRAND,GRANDBF421201044,BF,4,21,2010,1449,742,14,42,310,44,15,17,1,104,1,226,130
GRAND,GRANDBF421201044,BF,4,21,2010,1449,742,14,42,310,44,15,17,1,101,1,409,1002
GRAND,GRANDBF421201044,BF,4,21,2010,1449,742,14,42,310,44,15,17,1,104,1,258,208
GRAND,GRANDBF421201044,BF,4,21,2010,1449,742,14,42,310,44,15,17,1,101,1,335,494
GRAND,GRANDBF421201044,BF,4,21,2010,1449,742,14,42,310,44,15,17,1,104,1,276,286
GRAND,GRANDBF421201044,BF,4,21,2010,1449,742,14,42,310,44,15,17,1,101,1,353,668
GRAND,GRANDBF421201044,BF,4,21,2010,1449,742,14,42,310,44,15,17,1,101,1,187,80
GRAND,GRANDBF421201044,BF,4,21,2010,1449,742,14,42,310,44,15,17,1,101,1,230,148
GRAND,GRANDBS420201044,BS,4,20,2010,1341,742,16,54,360,44,15,28,1,101,1,473,1866
GRAND,GRANDBS420201044,BS,4,20,2010,1341,742,16,54,360,44,15,28,1,101,1,464,1410
GRAND,GRANDBS420201044,BS,4,20,2010,1341,742,16,54,360,44,15,28,1,101,1,433,1276
GRAND,GRANDBS420201044,BS,4,20,2010,1341,742,16,54,360,44,15,28,1,104,1,283,338
GRAND,GRANDBS420201044,BS,4,20,2010,1341,742,16,54,360,44,15,28,1,101,1,411,1150
GRAND,GRANDBS420201044,BS,4,20,2010,1341,742,16,54,360,44,15,28,1,101,1,379,864
GRAND,GRANDBS420201044,BS,4,20,2010,1341,742,16,54,360,44,15,28,1,101,1,260,244
GRAND,GRANDBS420201044,BS,4,20,2010,1341,742,16,54,360,44,15,28,1,101,1,156,54
GRAND,GRANDBS420201044,BS,4,20,2010,1341,742,16,54,360,44,15,28,1,101,1,317,406
GRAND,GRANDBS420201044,BS,4,20,2010,1341,742,16,54,360,44,15,28,1,101,1,411,1180
GRAND,GRANDBS420201044,BS,4,20,2010,1341,742,16,54,360,44,15,28,1,101,1,266,288
GRAND,GRANDBS420201044,BS,4,20,2010,1341,742,16,54,360,44,15,28,1,101,1,293,312
GRAND,GRANDBS420201044,BS,4,20,2010,1341,742,16,54,360,44,15,28,1,101,1,382,856
GRAND,GRANDBS420201044,BS,4,20,2010,1341,742,16,54,360,44,15,28,1,104,1,310,434
GRAND,GRANDBS420201044,BS,4,20,2010,1341,742,16,54,360,44,15,28,1,101,1,219,140
GRAND,GRANDBS420201044,BS,4,20,2010,1341,742,16,54,360,44,15,28,1,101,1,287,322
GRAND,GRANDBS420201044,BS,4,20,2010,1341,742,16,54,360,44,15,28,1,101,1,465,1392
GRAND,GRANDBS420201044,BS,4,20,2010,1341,742,16,54,360,44,15,28,1,101,1,378,860
GRAND,GRANDBS420201044,BS,4,20,2010,1341,742,16,54,360,44,15,28,1,101,1,294,400
GRAND,GRANDBS420201044,BS,4,20,2010,1341,742,16,54,360,44,15,28,1,101,1,277,288
GRAND,GRANDBS420201044,BS,4,20,2010,1341,742,16,54,360,44,15,28,1,101,1,213,130
GRAND,GRANDBS420201044,BS,4,20,2010,1341,742,16,54,360,44,15,28,1,101,1,412,980
GRAND,GRANDBS420201044,BS,4,20,2010,1341,742,16,54,360,44,15,28,1,101,1,325,572
GRAND,GRANDBS420201044,BS,4,20,2010,1341,742,16,54,360,44,15,28,1,104,1,221,140
GRAND,GRANDBS420201044,BS,4,20,2010,1341,742,16,54,360,44,15,28,1,101,1,339,544
GRAND,GRANDBS420201044,BS,4,20,2010,1341,742,16,54,360,44,15,28,1,101,1,382,852
GRAND,GRANDBS420201044,BS,4,20,2010,1341,742,16,54,360,44,15,28,1,101,1,349,690
GRAND,GRANDBS420201044,BS,4,20,2010,1341,742,16,54,360,44,15,28,1,101,1,341,596
GRAND,GRANDBS420201044,BS,4,20,2010,1341,742,16,54,360,44,15,28,1,101,1,365,806
GRAND,GRANDBR420201044,BR,4,20,2010,1431,742,16,54,360,44,15,17,1,101,1,426,1204
GRAND,GRANDBR420201044,BR,4,20,2010,1431,742,16,54,360,44,15,17,1,101,1,444,1230
GRAND,GRANDBR420201044,BR,4,20,2010,1431,742,16,54,360,44,15,17,1,104,1,343,570
GRAND,GRANDBR420201044,BR,4,20,2010,1431,742,16,54,360,44,15,17,1,101,1,387,796
GRAND,GRANDBR420201044,BR,4,20,2010,1431,742,16,54,360,44,15,17,1,101,1,403,940
GRAND,GRANDBR420201044,BR,4,20,2010,1431,742,16,54,360,44,15,17,1,104,1,370,630
GRAND,GRANDBR420201044,BR,4,20,2010,1431,742,16,54,360,44,15,17,1,104,1,354,652
GRAND,GRANDBR420201044,BR,4,20,2010,1431,742,16,54,360,44,15,17,1,101,1,383,902
GRAND,GRANDBR420201044,BR,4,20,2010,1431,742,16,54,360,44,15,17,1,101,1,345,610
GRAND,GRANDBR420201044,BR,4,20,2010,1431,742,16,54,360,44,15,17,1,101,1,299,408
GRAND,GRANDBR420201044,BR,4,20,2010,1431,742,16,54,360,44,15,17,1,104,1,357,596
GRAND,GRANDBR420201044,BR,4,20,2010,1431,742,16,54,360,44,15,17,1,101,1,126,26
GRAND,GRANDBR420201044,BR,4,20,2010,1431,742,16,54,360,44,15,17,1,101,1,140,32
GRAND,GRANDBR420201044,BR,4,20,2010,1431,742,16,54,360,44,15,17,1,101,1,198,96
GRAND,GRANDBX420201044,BX,4,20,2010,1720,742,18,15,420,44,15,17,1,101,1,324,526
GRAND,GRANDBX420201044,BX,4,20,2010,1720,742,18,15,420,44,15,17,1,104,1,253,228
GRAND,GRANDBX420201044,BX,4,20,2010,1720,742,18,15,420,44,15,17,1,101,1,432,1250
GRAND,GRANDBX420201044,BX,4,20,2010,1720,742,18,15,420,44,15,17,1,101,1,409,1062
GRAND,GRANDBX420201044,BX,4,20,2010,1720,742,18,15,420,44,15,17,1,101,1,431,1190
GRAND,GRANDBX420201044,BX,4,20,2010,1720,742,18,15,420,44,15,17,1,101,1,327,490
GRAND,GRANDBX420201044,BX,4,20,2010,1720,742,18,15,420,44,15,17,1,101,1,355,718
GRAND,GRANDBX420201044,BX,4,20,2010,1720,742,18,15,420,44,15,17,1,101,1,310,408
GRAND,GRANDBX420201044,BX,4,20,2010,1720,742,18,15,420,44,15,17,1,101,1,439,1460
GRAND,GRANDBX420201044,BX,4,20,2010,1720,742,18,15,420,44,15,17,1,101,1,349,632
GRAND,GRANDBX420201044,BX,4,20,2010,1720,742,18,15,420,44,15,17,1,101,1,319,476
GRAND,GRANDBX420201044,BX,4,20,2010,1720,742,18,15,420,44,15,17,1,101,1,245,180
GRAND,GRANDBX420201044,BX,4,20,2010,1720,742,18,15,420,44,15,17,1,101,1,285,286
GRAND,GRANDBX420201044,BX,4,20,2010,1720,742,18,15,420,44,15,17,1,101,1,365,782
GRAND,GRANDBW420201044,BW,4,20,2010,1621,742,18,15,420,44,15,27,1,101,1,418,1218
GRAND,GRANDBW420201044,BW,4,20,2010,1621,742,18,15,420,44,15,27,1,101,1,382,790
GRAND,GRANDBW420201044,BW,4,20,2010,1621,742,18,15,420,44,15,27,1,101,1,337,558
GRAND,GRANDBW420201044,BW,4,20,2010,1621,742,18,15,420,44,15,27,1,101,1,328,522
GRAND,GRANDBW420201044,BW,4,20,2010,1621,742,18,15,420,44,15,27,1,101,1,382,866
GRAND,GRANDBW420201044,BW,4,20,2010,1621,742,18,15,420,44,15,27,1,101,1,335,562
GRAND,GRANDBW420201044,BW,4,20,2010,1621,742,18,15,420,44,15,27,1,101,1,251,208
GRAND,GRANDBW420201044,BW,4,20,2010,1621,742,18,15,420,44,15,27,1,101,1,323,450
GRAND,GRANDBW420201044,BW,4,20,2010,1621,742,18,15,420,44,15,27,1,101,1,233,176
GRAND,GRANDBW420201044,BW,4,20,2010,1621,742,18,15,420,44,15,27,1,101,1,383,988
GRAND,GRANDBW420201044,BW,4,20,2010,1621,742,18,15,420,44,15,27,1,101,1,243,202
GRAND,GRANDBW420201044,BW,4,20,2010,1621,742,18,15,420,44,15,27,1,101,1,335,576
GRAND,GRANDBW420201044,BW,4,20,2010,1621,742,18,15,420,44,15,27,1,101,1,378,812
GRAND,GRANDBW420201044,BW,4,20,2010,1621,742,18,15,420,44,15,27,1,101,1,381,974
GRAND,GRANDBW420201044,BW,4,20,2010,1621,742,18,15,420,44,15,27,1,101,1,332,558
GRAND,GRANDBT420201044,BT,4,20,2010,1031,742,18,54,420,44,15,27,1,101,1,305,316
GRAND,GRANDBT420201044,BT,4,20,2010,1031,742,18,54,420,44,15,27,1,101,1,366,668
GRAND,GRANDBT420201044,BT,4,20,2010,1031,742,18,54,420,44,15,27,1,101,1,316,448
GRAND,GRANDBT420201044,BT,4,20,2010,1031,742,18,54,420,44,15,27,1,101,1,481,1698
GRAND,GRANDBT420201044,BT,4,20,2010,1031,742,18,54,420,44,15,27,1,101,1,269,250
GRAND,GRANDBT420201044,BT,4,20,2010,1031,742,18,54,420,44,15,27,1,101,1,401,952
GRAND,GRANDBT420201044,BT,4,20,2010,1031,742,18,54,420,44,15,27,1,104,1,297,338
GRAND,GRANDBT420201044,BT,4,20,2010,1031,742,18,54,420,44,15,27,1,101,1,318,476
GRAND,GRANDBT420201044,BT,4,20,2010,1031,742,18,54,420,44,15,27,1,101,1,98,14
GRAND,GRANDBT420201044,BT,4,20,2010,1031,742,18,54,420,44,15,27,1,101,1,419,1058
GRAND,GRANDBU420201044,BU,4,20,2010,1119,742,18,54,420,44,15,58,1,101,1,255,198
GRAND,GRANDBU420201044,BU,4,20,2010,1119,742,18,54,420,44,15,58,1,101,1,326,468
GRAND,GRANDBU420201044,BU,4,20,2010,1119,742,18,54,420,44,15,58,1,101,1,320,454
GRAND,GRANDBU420201044,BU,4,20,2010,1119,742,18,54,420,44,15,58,1,101,1,232,130
GRAND,GRANDBU420201044,BU,4,20,2010,1119,742,18,54,420,44,15,58,1,101,1,241,164
GRAND,GRANDBU420201044,BU,4,20,2010,1119,742,18,54,420,44,15,58,1,101,1,285,302
GRAND,GRANDBU420201044,BU,4,20,2010,1119,742,18,54,420,44,15,58,1,101,1,221,122
GRAND,GRANDBU420201044,BU,4,20,2010,1119,742,18,54,420,44,15,58,1,101,1,181,58
GRAND,GRANDBU420201044,BU,4,20,2010,1119,742,18,54,420,44,15,58,1,101,1,442,1288
GRAND,GRANDBU420201044,BU,4,20,2010,1119,742,18,54,420,44,15,58,1,101,1,355,600
GRAND,GRANDBU420201044,BU,4,20,2010,1119,742,18,54,420,44,15,58,1,101,1,318,446
GRAND,GRANDBU420201044,BU,4,20,2010,1119,742,18,54,420,44,15,58,1,101,1,489,1958
GRAND,GRANDBU420201044,BU,4,20,2010,1119,742,18,54,420,44,15,58,1,101,1,282,262
GRAND,GRANDBU420201044,BU,4,20,2010,1119,742,18,54,420,44,15,58,1,101,1,227,128
GRAND,GRANDBU420201044,BU,4,20,2010,1119,742,18,54,420,44,15,58,1,101,1,257,204
GRAND,GRANDBU420201044,BU,4,20,2010,1119,742,18,54,420,44,15,58,1,101,1,183,70
GRAND,GRANDBU420201044,BU,4,20,2010,1119,742,18,54,420,44,15,58,1,104,1,412,968
GRAND,GRANDBZ420201044,BZ,4,20,2010,1209,742,18,54,420,44,15,58,1,101,1,367,810
GRAND,GRANDBZ420201044,BZ,4,20,2010,1209,742,18,54,420,44,15,58,1,101,1,468,1500
GRAND,GRANDBZ420201044,BZ,4,20,2010,1209,742,18,54,420,44,15,58,1,101,1,355,628
GRAND,GRANDBZ420201044,BZ,4,20,2010,1209,742,18,54,420,44,15,58,1,101,1,450,1426
GRAND,GRANDBZ420201044,BZ,4,20,2010,1209,742,18,54,420,44,15,58,1,101,1,393,910
GRAND,GRANDBZ420201044,BZ,4,20,2010,1209,742,18,54,420,44,15,58,1,101,1,144,40
GRAND,GRANDBZ420201044,BZ,4,20,2010,1209,742,18,54,420,44,15,58,1,101,1,266,208
GRAND,GRANDBZ420201044,BZ,4,20,2010,1209,742,18,54,420,44,15,58,1,101,1,424,1062
GRAND,GRANDBZ420201044,BZ,4,20,2010,1209,742,18,54,420,44,15,58,1,101,1,452,1396
GRAND,GRANDBZ420201044,BZ,4,20,2010,1209,742,18,54,420,44,15,58,1,101,1,396,1028
GRAND,GRANDBZ420201044,BZ,4,20,2010,1209,742,18,54,420,44,15,58,1,101,1,366,664
GRAND,GRANDBZ420201044,BZ,4,20,2010,1209,742,18,54,420,44,15,58,1,101,1,408,1002
GRAND,GRANDBZ420201044,BZ,4,20,2010,1209,742,18,54,420,44,15,58,1,101,1,416,1120
GRAND,GRANDBO422201044,BO,4,22,2010,823,742,14,42,360,44,15,27,1,101,1,456,1640
GRAND,GRANDBO422201044,BO,4,22,2010,823,742,14,42,360,44,15,27,1,101,1,369,738
GRAND,GRANDBO422201044,BO,4,22,2010,823,742,14,42,360,44,15,27,1,101,1,460,1628
GRAND,GRANDBO422201044,BO,4,22,2010,823,742,14,42,360,44,15,27,1,101,1,352,630
GRAND,GRANDBO422201044,BO,4,22,2010,823,742,14,42,360,44,15,27,1,101,1,408,942
GRAND,GRANDBO422201044,BO,4,22,2010,823,742,14,42,360,44,15,27,1,101,1,275,288
GRAND,GRANDBO422201044,BO,4,22,2010,823,742,14,42,360,44,15,27,1,101,1,82,12
GRAND,GRANDBO422201044,BO,4,22,2010,823,742,14,42,360,44,15,27,1,101,1,92,16
GRAND,GRANDBO422201044,BO,4,22,2010,823,742,14,42,360,44,15,27,1,101,1,72,10
GRAND,GRANDBO422201044,BO,4,22,2010,823,742,14,42,360,44,15,27,1,101,1,413,1090
GRAND,GRANDBO422201044,BO,4,22,2010,823,742,14,42,360,44,15,27,1,101,1,105,26
GRAND,GRANDBO422201044,BO,4,22,2010,823,742,14,42,360,44,15,27,1,101,1,348,576
GRAND,GRANDBO422201044,BO,4,22,2010,823,742,14,42,360,44,15,27,1,104,1,82,12
GRAND,GRANDBO422201044,BO,4,22,2010,823,742,14,42,360,44,15,27,1,101,1,427,1184
GRAND,GRANDBO422201044,BO,4,22,2010,823,742,14,42,360,44,15,27,1,101,1,403,1070
GRAND,GRANDBO422201044,BO,4,22,2010,823,742,14,42,360,44,15,27,1,104,1,88,20
GRAND,GRANDBO422201044,BO,4,22,2010,823,742,14,42,360,44,15,27,1,101,1,424,1052
GRAND,GRANDBO422201044,BO,4,22,2010,823,742,14,42,360,44,15,27,1,101,1,383,884
GRAND,GRANDBO422201044,BO,4,22,2010,823,742,14,42,360,44,15,27,1,104,1,349,620
GRAND,GRANDBO422201044,BO,4,22,2010,823,742,14,42,360,44,15,27,1,101,1,274,274
GRAND,GRANDBO422201044,BO,4,22,2010,823,742,14,42,360,44,15,27,1,104,1,253,216
GRAND,GRANDBP422201044,BP,4,22,2010,1006,742,14,42,360,44,15,28,1,101,1,421,1118
GRAND,GRANDBP422201044,BP,4,22,2010,1006,742,14,42,360,44,15,28,1,104,1,303,360
GRAND,GRANDBP422201044,BP,4,22,2010,1006,742,14,42,360,44,15,28,1,104,1,102,26
GRAND,GRANDBP422201044,BP,4,22,2010,1006,742,14,42,360,44,15,28,1,104,1,200,110
GRAND,GRANDBP422201044,BP,4,22,2010,1006,742,14,42,360,44,15,28,1,101,1,293,336
GRAND,GRANDBP422201044,BP,4,22,2010,1006,742,14,42,360,44,15,28,1,101,1,442,1332
GRAND,GRANDBP422201044,BP,4,22,2010,1006,742,14,42,360,44,15,28,1,101,1,399,956
GRAND,GRANDBP422201044,BP,4,22,2010,1006,742,14,42,360,44,15,28,1,101,1,357,720
GRAND,GRANDBP422201044,BP,4,22,2010,1006,742,14,42,360,44,15,28,1,101,1,286,284
GRAND,GRANDBP422201044,BP,4,22,2010,1006,742,14,42,360,44,15,28,1,101,1,377,834
GRAND,GRANDBP422201044,BP,4,22,2010,1006,742,14,42,360,44,15,28,1,101,1,178,102
GRAND,GRANDBP422201044,BP,4,22,2010,1006,742,14,42,360,44,15,28,1,101,1,316,460
GRAND,GRANDBP422201044,BP,4,22,2010,1006,742,14,42,360,44,15,28,1,101,1,334,516
GRAND,GRANDBP422201044,BP,4,22,2010,1006,742,14,42,360,44,15,28,1,101,1,330,416
GRAND,GRANDBP422201044,BP,4,22,2010,1006,742,14,42,360,44,15,28,1,101,1,400,1026
GRAND,GRANDBP422201044,BP,4,22,2010,1006,742,14,42,360,44,15,28,1,101,1,469,1718
GRAND,GRANDBP422201044,BP,4,22,2010,1006,742,14,42,360,44,15,28,1,101,1,352,704
GRAND,GRANDBP422201044,BP,4,22,2010,1006,742,14,42,360,44,15,28,1,101,1,397,930
GRAND,GRANDBQ422201044,BQ,4,22,2010,915,742,14,42,360,44,15,58,1,101,1,386,860
GRAND,GRANDBQ422201044,BQ,4,22,2010,915,742,14,42,360,44,15,58,1,101,1,308,428
GRAND,GRANDBQ422201044,BQ,4,22,2010,915,742,14,42,360,44,15,58,1,101,1,333,472
GRAND,GRANDBQ422201044,BQ,4,22,2010,915,742,14,42,360,44,15,58,1,101,1,396,958
GRAND,GRANDBQ422201044,BQ,4,22,2010,915,742,14,42,360,44,15,58,1,101,1,402,1076
GRAND,GRANDBQ422201044,BQ,4,22,2010,915,742,14,42,360,44,15,58,1,101,1,371,718
GRAND,GRANDBQ422201044,BQ,4,22,2010,915,742,14,42,360,44,15,58,1,104,1,212,120
GRAND,GRANDBQ422201044,BQ,4,22,2010,915,742,14,42,360,44,15,58,1,101,1,239,170
GRAND,GRANDBQ422201044,BQ,4,22,2010,915,742,14,42,360,44,15,58,1,101,1,251,194
GRAND,GRANDBQ422201044,BQ,4,22,2010,915,742,14,42,360,44,15,58,1,101,1,341,572
GRAND,GRANDBQ422201044,BQ,4,22,2010,915,742,14,42,360,44,15,58,1,101,1,246,186
GRAND,GRANDBQ422201044,BQ,4,22,2010,915,742,14,42,360,44,15,58,1,101,1,385,892
GRAND,GRANDBQ422201044,BQ,4,22,2010,915,742,14,42,360,44,15,58,1,101,1,380,892
GRAND,GRANDBQ422201044,BQ,4,22,2010,915,742,14,42,360,44,15,58,1,104,1,147,42
GRAND,GRANDBQ422201044,BQ,4,22,2010,915,742,14,42,360,44,15,58,1,101,1,375,798
GRAND,GRANDBQ422201044,BQ,4,22,2010,915,742,14,42,360,44,15,58,1,101,1,401,1148
GRAND,GRANDBQ422201044,BQ,4,22,2010,915,742,14,42,360,44,15,58,1,101,1,270,256
GRAND,GRANDBQ422201044,BQ,4,22,2010,915,742,14,42,360,44,15,58,1,101,1,341,546
GRAND,GRANDBQ422201044,BQ,4,22,2010,915,742,14,42,360,44,15,58,1,104,1,214,134
GRAND,GRANDBQ422201044,BQ,4,22,2010,915,742,14,42,360,44,15,58,1,101,1,405,1066
GRAND,GRANDBQ422201044,BQ,4,22,2010,915,742,14,42,360,44,15,58,1,101,1,357,646
GRAND,GRANDBQ422201044,BQ,4,22,2010,915,742,14,42,360,44,15,58,1,101,1,275,316
GRAND,GRANDBQ422201044,BQ,4,22,2010,915,742,14,42,360,44,15,58,1,101,1,234,174
GRAND,GRANDBQ422201044,BQ,4,22,2010,915,742,14,42,360,44,15,58,1,101,1,304,406
GRAND,GRANDBQ422201044,BQ,4,22,2010,915,742,14,42,360,44,15,58,1,101,1,380,898
GRAND,GRANDBQ422201044,BQ,4,22,2010,915,742,14,42,360,44,15,58,1,101,1,350,598
GRAND,GRANDBQ422201044,BQ,4,22,2010,915,742,14,42,360,44,15,58,1,101,1,238,192
GRAND,GRANDBQ422201044,BQ,4,22,2010,915,742,14,42,360,44,15,58,1,101,1,280,332
GRAND,GRANDBQ422201044,BQ,4,22,2010,915,742,14,42,360,44,15,58,1,101,1,216,144
GRAND,GRANDBQ422201044,BQ,4,22,2010,915,742,14,42,360,44,15,58,1,101,1,232,154
GRAND,GRANDBQ422201044,BQ,4,22,2010,915,742,14,42,360,44,15,58,1,101,1,190,96
GRAND,GRANDBQ422201044,BQ,4,22,2010,915,742,14,42,360,44,15,58,1,101,1,193,100
